frame_id,condition,conf_thres,model,n_det_clean,n_det_degraded,post_ms_clean,post_ms_degraded
0,rain_heavy,0.25,yolov8n_visdrone_640.onnx,101,46,9.0642,3.1488
1,rain_heavy,0.25,yolov8n_visdrone_640.onnx,102,60,3.049,3.017
2,rain_heavy,0.25,yolov8n_visdrone_640.onnx,101,56,4.8039,1.8416
3,rain_heavy,0.25,yolov8n_visdrone_640.onnx,101,68,4.6047,2.9693
4,rain_heavy,0.25,yolov8n_visdrone_640.onnx,102,60,5.1421,3.0754
5,rain_heavy,0.25,yolov8n_visdrone_640.onnx,95,50,3.6305,2.61
6,rain_heavy,0.25,yolov8n_visdrone_640.onnx,96,47,3.352,2.6198
7,rain_heavy,0.25,yolov8n_visdrone_640.onnx,94,58,4.5793,2.6477
8,rain_heavy,0.25,yolov8n_visdrone_640.onnx,94,48,3.4588,3.0127
9,rain_heavy,0.25,yolov8n_visdrone_640.onnx,102,52,5.1595,4.0464
10,rain_heavy,0.25,yolov8n_visdrone_640.onnx,99,50,5.8828,2.6325
11,rain_heavy,0.25,yolov8n_visdrone_640.onnx,103,69,3.7166,3.1062
12,rain_heavy,0.25,yolov8n_visdrone_640.onnx,100,74,6.2821,2.7325
13,rain_heavy,0.25,yolov8n_visdrone_640.onnx,101,53,4.6729,2.6692
14,rain_heavy,0.25,yolov8n_visdrone_640.onnx,98,51,3.5104,3.3005
15,rain_heavy,0.25,yolov8n_visdrone_640.onnx,93,55,5.145,2.5932
16,rain_heavy,0.25,yolov8n_visdrone_640.onnx,100,63,4.7732,3.1222
17,rain_heavy,0.25,yolov8n_visdrone_640.onnx,101,62,6.4113,3.4085
18,rain_heavy,0.25,yolov8n_visdrone_640.onnx,105,66,4.7445,3.41
19,rain_heavy,0.25,yolov8n_visdrone_640.onnx,104,51,5.5465,2.9255
20,rain_heavy,0.25,yolov8n_visdrone_640.onnx,106,55,5.0895,3.1179
21,rain_heavy,0.25,yolov8n_visdrone_640.onnx,104,62,4.9793,3.3309
22,rain_heavy,0.25,yolov8n_visdrone_640.onnx,98,67,5.1312,3.3905
23,rain_heavy,0.25,yolov8n_visdrone_640.onnx,97,53,5.1282,3.3249
24,rain_heavy,0.25,yolov8n_visdrone_640.onnx,95,52,4.9472,2.7855
25,rain_heavy,0.25,yolov8n_visdrone_640.onnx,97,55,5.7811,2.9455
26,rain_heavy,0.25,yolov8n_visdrone_640.onnx,92,59,4.2982,3.0635
27,rain_heavy,0.25,yolov8n_visdrone_640.onnx,92,47,5.4707,2.6309
28,rain_heavy,0.25,yolov8n_visdrone_640.onnx,91,66,4.3354,3.2962
29,rain_heavy,0.25,yolov8n_visdrone_640.onnx,105,59,4.8908,3.0071
30,rain_heavy,0.25,yolov8n_visdrone_640.onnx,98,52,3.6711,2.8126
31,rain_heavy,0.25,yolov8n_visdrone_640.onnx,95,49,3.4897,1.7101
32,rain_heavy,0.25,yolov8n_visdrone_640.onnx,101,54,5.5517,2.2366
33,rain_heavy,0.25,yolov8n_visdrone_640.onnx,96,57,4.6972,2.9401
34,rain_heavy,0.25,yolov8n_visdrone_640.onnx,88,55,5.4964,3.0812
35,rain_heavy,0.25,yolov8n_visdrone_640.onnx,91,49,3.3404,1.8203
36,rain_heavy,0.25,yolov8n_visdrone_640.onnx,98,48,5.9641,2.836
37,rain_heavy,0.25,yolov8n_visdrone_640.onnx,96,52,3.7505,2.5561
38,rain_heavy,0.25,yolov8n_visdrone_640.onnx,104,45,5.0691,2.7183
39,rain_heavy,0.25,yolov8n_visdrone_640.onnx,95,51,4.7455,2.6932
40,rain_heavy,0.25,yolov8n_visdrone_640.onnx,93,59,4.3344,2.0279
41,rain_heavy,0.25,yolov8n_visdrone_640.onnx,94,45,4.5499,2.5836
42,rain_heavy,0.25,yolov8n_visdrone_640.onnx,94,48,4.1604,3.0877
43,rain_heavy,0.25,yolov8n_visdrone_640.onnx,91,53,3.8509,1.8735
44,rain_heavy,0.25,yolov8n_visdrone_640.onnx,99,61,3.4743,7.3288
45,rain_heavy,0.25,yolov8n_visdrone_640.onnx,96,59,5.4655,3.1171
46,rain_heavy,0.25,yolov8n_visdrone_640.onnx,103,64,3.7906,3.2132
47,rain_heavy,0.25,yolov8n_visdrone_640.onnx,99,42,4.6146,2.3916
48,rain_heavy,0.25,yolov8n_visdrone_640.onnx,101,48,3.2585,2.563
49,rain_heavy,0.25,yolov8n_visdrone_640.onnx,99,53,4.7571,2.7328
50,rain_heavy,0.25,yolov8n_visdrone_640.onnx,101,58,3.3293,2.6698
51,rain_heavy,0.25,yolov8n_visdrone_640.onnx,102,47,5.2516,2.5619
52,rain_heavy,0.25,yolov8n_visdrone_640.onnx,97,55,3.8968,3.8701
53,rain_heavy,0.25,yolov8n_visdrone_640.onnx,97,45,5.4032,1.6008
54,rain_heavy,0.25,yolov8n_visdrone_640.onnx,96,58,4.8525,2.5579
55,rain_heavy,0.25,yolov8n_visdrone_640.onnx,96,50,4.8437,2.8075
56,rain_heavy,0.25,yolov8n_visdrone_640.onnx,94,50,2.8993,1.9486
57,rain_heavy,0.25,yolov8n_visdrone_640.onnx,101,57,3.0288,2.4691
58,rain_heavy,0.25,yolov8n_visdrone_640.onnx,93,51,3.9762,2.774
59,rain_heavy,0.25,yolov8n_visdrone_640.onnx,91,42,3.1454,1.7951
60,rain_heavy,0.25,yolov8n_visdrone_640.onnx,101,60,6.1055,3.2898
61,rain_heavy,0.25,yolov8n_visdrone_640.onnx,101,48,4.5004,2.4772
62,rain_heavy,0.25,yolov8n_visdrone_640.onnx,109,47,4.1901,2.4264
63,rain_heavy,0.25,yolov8n_visdrone_640.onnx,94,45,4.3778,2.1125
64,rain_heavy,0.25,yolov8n_visdrone_640.onnx,93,46,4.259,1.6411
65,rain_heavy,0.25,yolov8n_visdrone_640.onnx,97,56,3.7382,2.8005
66,rain_heavy,0.25,yolov8n_visdrone_640.onnx,95,54,3.0639,2.9194
67,rain_heavy,0.25,yolov8n_visdrone_640.onnx,99,51,3.1557,3.4426
68,rain_heavy,0.25,yolov8n_visdrone_640.onnx,97,55,3.6442,2.4982
69,rain_heavy,0.25,yolov8n_visdrone_640.onnx,92,51,4.2691,2.8205
70,rain_heavy,0.25,yolov8n_visdrone_640.onnx,93,50,4.7792,2.7596
71,rain_heavy,0.25,yolov8n_visdrone_640.onnx,101,49,5.5302,2.4099
72,rain_heavy,0.25,yolov8n_visdrone_640.onnx,89,57,2.9552,3.1819
73,rain_heavy,0.25,yolov8n_visdrone_640.onnx,102,55,3.3553,3.0836
74,rain_heavy,0.25,yolov8n_visdrone_640.onnx,86,55,3.9847,2.3747
75,rain_heavy,0.25,yolov8n_visdrone_640.onnx,96,44,3.1945,3.0729
76,rain_heavy,0.25,yolov8n_visdrone_640.onnx,90,55,2.7673,1.8692
77,rain_heavy,0.25,yolov8n_visdrone_640.onnx,91,45,4.317,2.5545
78,rain_heavy,0.25,yolov8n_visdrone_640.onnx,100,54,3.1971,2.3227
79,rain_heavy,0.25,yolov8n_visdrone_640.onnx,98,46,3.0649,1.6851
80,rain_heavy,0.25,yolov8n_visdrone_640.onnx,105,50,3.0872,1.8718
81,rain_heavy,0.25,yolov8n_visdrone_640.onnx,97,48,4.3636,2.2159
82,rain_heavy,0.25,yolov8n_visdrone_640.onnx,100,54,4.5659,3.4428
83,rain_heavy,0.25,yolov8n_visdrone_640.onnx,98,55,2.9718,2.8793
84,rain_heavy,0.25,yolov8n_visdrone_640.onnx,100,51,4.8221,2.71
85,rain_heavy,0.25,yolov8n_visdrone_640.onnx,104,56,3.0157,1.848
86,rain_heavy,0.25,yolov8n_visdrone_640.onnx,97,56,3.0444,1.8355
87,rain_heavy,0.25,yolov8n_visdrone_640.onnx,98,57,4.7909,2.9257
88,rain_heavy,0.25,yolov8n_visdrone_640.onnx,95,46,3.3874,2.4536
89,rain_heavy,0.25,yolov8n_visdrone_640.onnx,103,49,4.3257,2.1024
90,rain_heavy,0.25,yolov8n_visdrone_640.onnx,96,52,4.3961,2.7792
91,rain_heavy,0.25,yolov8n_visdrone_640.onnx,96,50,3.1869,2.2055
92,rain_heavy,0.25,yolov8n_visdrone_640.onnx,96,55,5.0747,2.7435
93,rain_heavy,0.25,yolov8n_visdrone_640.onnx,105,60,3.9091,2.9435
94,rain_heavy,0.25,yolov8n_visdrone_640.onnx,102,45,5.8752,2.4685
95,rain_heavy,0.25,yolov8n_visdrone_640.onnx,105,43,4.7956,2.0391
96,rain_heavy,0.25,yolov8n_visdrone_640.onnx,100,49,4.5249,2.6606
97,rain_heavy,0.25,yolov8n_visdrone_640.onnx,102,45,4.7282,2.5567
98,rain_heavy,0.25,yolov8n_visdrone_640.onnx,98,51,3.5519,2.6243
99,rain_heavy,0.25,yolov8n_visdrone_640.onnx,96,54,4.7302,2.568
100,rain_heavy,0.25,yolov8n_visdrone_640.onnx,98,46,4.5409,2.6791
101,rain_heavy,0.25,yolov8n_visdrone_640.onnx,96,51,4.506,1.7333
102,rain_heavy,0.25,yolov8n_visdrone_640.onnx,106,50,4.0483,2.8572
103,rain_heavy,0.25,yolov8n_visdrone_640.onnx,100,53,4.614,2.0514
104,rain_heavy,0.25,yolov8n_visdrone_640.onnx,97,41,4.3624,2.45
105,rain_heavy,0.25,yolov8n_visdrone_640.onnx,95,48,4.4855,2.6047
106,rain_heavy,0.25,yolov8n_visdrone_640.onnx,99,45,4.8608,2.4818
107,rain_heavy,0.25,yolov8n_visdrone_640.onnx,98,50,2.9273,2.8309
108,rain_heavy,0.25,yolov8n_visdrone_640.onnx,100,47,5.7774,2.7862
109,rain_heavy,0.25,yolov8n_visdrone_640.onnx,102,49,3.758,2.3655
110,rain_heavy,0.25,yolov8n_visdrone_640.onnx,103,55,3.1638,2.0656
111,rain_heavy,0.25,yolov8n_visdrone_640.onnx,100,44,4.6825,2.4234
112,rain_heavy,0.25,yolov8n_visdrone_640.onnx,100,47,3.7406,2.8334
113,rain_heavy,0.25,yolov8n_visdrone_640.onnx,96,58,4.4428,2.3087
114,rain_heavy,0.25,yolov8n_visdrone_640.onnx,96,53,4.0605,2.7286
115,rain_heavy,0.25,yolov8n_visdrone_640.onnx,97,52,3.2726,1.9425
116,rain_heavy,0.25,yolov8n_visdrone_640.onnx,101,53,3.809,2.5589
117,rain_heavy,0.25,yolov8n_visdrone_640.onnx,101,40,4.7508,2.3241
118,rain_heavy,0.25,yolov8n_visdrone_640.onnx,101,44,4.9364,2.5768
119,rain_heavy,0.25,yolov8n_visdrone_640.onnx,101,57,4.7173,2.2428
120,rain_heavy,0.25,yolov8n_visdrone_640.onnx,30,0,2.3493,0.5909
121,rain_heavy,0.25,yolov8n_visdrone_640.onnx,31,0,1.9748,0.6085
122,rain_heavy,0.25,yolov8n_visdrone_640.onnx,30,0,1.2999,0.4317
123,rain_heavy,0.25,yolov8n_visdrone_640.onnx,30,2,1.3675,0.9524
124,rain_heavy,0.25,yolov8n_visdrone_640.onnx,30,1,1.5916,0.5784
125,rain_heavy,0.25,yolov8n_visdrone_640.onnx,30,0,1.3156,0.6558
126,rain_heavy,0.25,yolov8n_visdrone_640.onnx,33,0,1.3436,0.408
127,rain_heavy,0.25,yolov8n_visdrone_640.onnx,33,1,2.1393,0.8658
128,rain_heavy,0.25,yolov8n_visdrone_640.onnx,34,1,2.2799,0.962
129,rain_heavy,0.25,yolov8n_visdrone_640.onnx,31,1,1.3871,0.5854
130,rain_heavy,0.25,yolov8n_visdrone_640.onnx,32,2,2.3779,0.679
131,rain_heavy,0.25,yolov8n_visdrone_640.onnx,32,3,2.1349,0.698
132,rain_heavy,0.25,yolov8n_visdrone_640.onnx,33,0,1.7867,0.627
133,rain_heavy,0.25,yolov8n_visdrone_640.onnx,27,0,1.8291,0.6483
134,rain_heavy,0.25,yolov8n_visdrone_640.onnx,27,0,1.9126,0.6869
135,rain_heavy,0.25,yolov8n_visdrone_640.onnx,30,0,2.3136,0.4222
136,rain_heavy,0.25,yolov8n_visdrone_640.onnx,29,1,2.0377,0.8848
137,rain_heavy,0.25,yolov8n_visdrone_640.onnx,30,0,1.891,0.4316
138,rain_heavy,0.25,yolov8n_visdrone_640.onnx,28,0,1.9557,0.5472
139,rain_heavy,0.25,yolov8n_visdrone_640.onnx,29,0,1.7848,0.6266
140,rain_heavy,0.25,yolov8n_visdrone_640.onnx,28,0,1.9784,0.6694
141,rain_heavy,0.25,yolov8n_visdrone_640.onnx,29,1,1.3657,0.9466
142,rain_heavy,0.25,yolov8n_visdrone_640.onnx,33,1,1.4045,0.6343
143,rain_heavy,0.25,yolov8n_visdrone_640.onnx,30,0,2.0048,0.6208
144,rain_heavy,0.25,yolov8n_visdrone_640.onnx,30,1,1.8446,0.6514
145,rain_heavy,0.25,yolov8n_visdrone_640.onnx,29,2,1.9452,1.0635
146,rain_heavy,0.25,yolov8n_visdrone_640.onnx,30,0,1.3727,0.726
147,rain_heavy,0.25,yolov8n_visdrone_640.onnx,31,1,2.0739,1.1356
148,rain_heavy,0.25,yolov8n_visdrone_640.onnx,30,1,2.2854,0.9062
149,rain_heavy,0.25,yolov8n_visdrone_640.onnx,31,3,3.8586,0.9858
150,rain_heavy,0.25,yolov8n_visdrone_640.onnx,29,1,2.0119,0.7127
151,rain_heavy,0.25,yolov8n_visdrone_640.onnx,28,0,1.9261,0.6278
152,rain_heavy,0.25,yolov8n_visdrone_640.onnx,28,0,2.1837,0.5275
153,rain_heavy,0.25,yolov8n_visdrone_640.onnx,27,0,1.9527,0.6101
154,rain_heavy,0.25,yolov8n_visdrone_640.onnx,28,1,2.0174,0.9519
155,rain_heavy,0.25,yolov8n_visdrone_640.onnx,27,2,1.9192,0.6356
156,rain_heavy,0.25,yolov8n_visdrone_640.onnx,30,3,2.1625,1.0288
157,rain_heavy,0.25,yolov8n_visdrone_640.onnx,27,0,1.8448,0.454
158,rain_heavy,0.25,yolov8n_visdrone_640.onnx,24,0,1.9984,0.4345
159,rain_heavy,0.25,yolov8n_visdrone_640.onnx,26,0,1.9807,0.6396
160,rain_heavy,0.25,yolov8n_visdrone_640.onnx,27,0,1.4795,0.7319
161,rain_heavy,0.25,yolov8n_visdrone_640.onnx,27,4,1.2694,0.9788
162,rain_heavy,0.25,yolov8n_visdrone_640.onnx,30,2,2.2135,0.9149
163,rain_heavy,0.25,yolov8n_visdrone_640.onnx,28,0,1.6612,0.7417
164,rain_heavy,0.25,yolov8n_visdrone_640.onnx,24,0,1.744,0.4134
165,rain_heavy,0.25,yolov8n_visdrone_640.onnx,25,3,2.5649,1.0368
166,rain_heavy,0.25,yolov8n_visdrone_640.onnx,24,0,1.8194,0.4454
167,rain_heavy,0.25,yolov8n_visdrone_640.onnx,25,0,2.5069,0.4421
168,rain_heavy,0.25,yolov8n_visdrone_640.onnx,23,1,3.5742,0.8923
169,rain_heavy,0.25,yolov8n_visdrone_640.onnx,21,0,1.3909,0.6503
170,rain_heavy,0.25,yolov8n_visdrone_640.onnx,23,0,1.4846,0.6993
171,rain_heavy,0.25,yolov8n_visdrone_640.onnx,22,0,1.4802,0.6175
172,rain_heavy,0.25,yolov8n_visdrone_640.onnx,22,1,1.2258,0.6763
173,rain_heavy,0.25,yolov8n_visdrone_640.onnx,21,0,2.0405,0.6226
174,rain_heavy,0.25,yolov8n_visdrone_640.onnx,24,3,1.8804,0.7028
175,rain_heavy,0.25,yolov8n_visdrone_640.onnx,23,0,2.2964,0.7247
176,rain_heavy,0.25,yolov8n_visdrone_640.onnx,22,1,1.4506,0.6383
177,rain_heavy,0.25,yolov8n_visdrone_640.onnx,24,1,1.6016,1.0695
178,rain_heavy,0.25,yolov8n_visdrone_640.onnx,22,3,1.7493,1.097
179,rain_heavy,0.25,yolov8n_visdrone_640.onnx,24,1,1.6789,0.6575
180,rain_heavy,0.25,yolov8n_visdrone_640.onnx,21,1,1.126,0.9084
181,rain_heavy,0.25,yolov8n_visdrone_640.onnx,23,0,1.7912,0.4947
182,rain_heavy,0.25,yolov8n_visdrone_640.onnx,24,0,1.4715,0.7351
183,rain_heavy,0.25,yolov8n_visdrone_640.onnx,22,1,1.881,0.6021
184,rain_heavy,0.25,yolov8n_visdrone_640.onnx,20,2,1.7249,0.6563
185,rain_heavy,0.25,yolov8n_visdrone_640.onnx,19,1,1.6505,0.9136
186,rain_heavy,0.25,yolov8n_visdrone_640.onnx,22,0,1.7036,0.6529
187,rain_heavy,0.25,yolov8n_visdrone_640.onnx,23,1,1.7244,1.0753
188,rain_heavy,0.25,yolov8n_visdrone_640.onnx,23,0,1.8846,0.6631
189,rain_heavy,0.25,yolov8n_visdrone_640.onnx,22,0,2.1029,0.6202
190,rain_heavy,0.25,yolov8n_visdrone_640.onnx,20,0,1.1551,0.5657
191,rain_heavy,0.25,yolov8n_visdrone_640.onnx,19,1,1.6463,0.9678
192,rain_heavy,0.25,yolov8n_visdrone_640.onnx,18,0,1.8321,0.5656
193,rain_heavy,0.25,yolov8n_visdrone_640.onnx,20,0,1.0505,0.6126
194,rain_heavy,0.25,yolov8n_visdrone_640.onnx,20,2,1.2235,0.8244
195,rain_heavy,0.25,yolov8n_visdrone_640.onnx,20,0,1.0713,0.6175
196,rain_heavy,0.25,yolov8n_visdrone_640.onnx,18,0,1.5204,0.6081
197,rain_heavy,0.25,yolov8n_visdrone_640.onnx,17,0,1.099,0.442
198,rain_heavy,0.25,yolov8n_visdrone_640.onnx,18,0,1.6463,0.4205
199,rain_heavy,0.25,yolov8n_visdrone_640.onnx,18,0,1.9352,0.6671
200,rain_heavy,0.25,yolov8n_visdrone_640.onnx,21,0,1.8683,0.4206
201,rain_heavy,0.25,yolov8n_visdrone_640.onnx,19,3,1.1602,0.6962
202,rain_heavy,0.25,yolov8n_visdrone_640.onnx,19,0,1.6915,0.4465
203,rain_heavy,0.25,yolov8n_visdrone_640.onnx,20,1,2.2058,0.9408
204,rain_heavy,0.25,yolov8n_visdrone_640.onnx,19,4,1.0826,1.2181
205,rain_heavy,0.25,yolov8n_visdrone_640.onnx,18,2,1.0637,1.0014
206,rain_heavy,0.25,yolov8n_visdrone_640.onnx,19,1,1.6484,0.9289
207,rain_heavy,0.25,yolov8n_visdrone_640.onnx,20,3,1.6993,1.1417
208,rain_heavy,0.25,yolov8n_visdrone_640.onnx,19,3,1.3936,1.0161
209,rain_heavy,0.25,yolov8n_visdrone_640.onnx,20,0,2.7456,0.4084
210,rain_heavy,0.25,yolov8n_visdrone_640.onnx,19,0,1.5524,0.6077
211,rain_heavy,0.25,yolov8n_visdrone_640.onnx,18,2,1.3887,0.9534
212,rain_heavy,0.25,yolov8n_visdrone_640.onnx,22,0,1.1863,0.6528
213,rain_heavy,0.25,yolov8n_visdrone_640.onnx,22,2,1.0873,1.0019
214,rain_heavy,0.25,yolov8n_visdrone_640.onnx,22,1,1.0843,0.629
215,rain_heavy,0.25,yolov8n_visdrone_640.onnx,22,0,1.7226,0.433
216,rain_heavy,0.25,yolov8n_visdrone_640.onnx,18,1,1.4832,0.9748
217,rain_heavy,0.25,yolov8n_visdrone_640.onnx,18,2,1.6279,0.7403
218,rain_heavy,0.25,yolov8n_visdrone_640.onnx,18,3,1.2312,1.129
219,rain_heavy,0.25,yolov8n_visdrone_640.onnx,19,0,1.1203,0.6308
220,rain_heavy,0.25,yolov8n_visdrone_640.onnx,19,0,1.5422,0.6033
221,rain_heavy,0.25,yolov8n_visdrone_640.onnx,19,1,1.1391,0.943
222,rain_heavy,0.25,yolov8n_visdrone_640.onnx,20,0,1.6067,0.438
223,rain_heavy,0.25,yolov8n_visdrone_640.onnx,20,1,1.5104,0.8384
224,rain_heavy,0.25,yolov8n_visdrone_640.onnx,21,1,1.0679,0.6291
225,rain_heavy,0.25,yolov8n_visdrone_640.onnx,19,0,1.56,0.6124
226,rain_heavy,0.25,yolov8n_visdrone_640.onnx,19,1,1.0494,0.595
227,rain_heavy,0.25,yolov8n_visdrone_640.onnx,20,0,1.1056,0.5562
228,rain_heavy,0.25,yolov8n_visdrone_640.onnx,19,2,1.8722,0.671
229,rain_heavy,0.25,yolov8n_visdrone_640.onnx,19,0,1.0891,0.4359
230,rain_heavy,0.25,yolov8n_visdrone_640.onnx,20,1,1.7263,0.8348
231,rain_heavy,0.25,yolov8n_visdrone_640.onnx,19,1,1.2655,0.6472
232,rain_heavy,0.25,yolov8n_visdrone_640.onnx,19,0,1.5096,0.607
233,rain_heavy,0.25,yolov8n_visdrone_640.onnx,19,0,1.5593,0.6483
234,rain_heavy,0.25,yolov8n_visdrone_640.onnx,19,0,1.1277,0.4323
235,rain_heavy,0.25,yolov8n_visdrone_640.onnx,19,0,1.0589,0.655
236,rain_heavy,0.25,yolov8n_visdrone_640.onnx,19,0,1.4936,0.4037
237,rain_heavy,0.25,yolov8n_visdrone_640.onnx,18,1,1.3024,0.5814
238,rain_heavy,0.25,yolov8n_visdrone_640.onnx,17,1,1.3613,0.5806
239,rain_heavy,0.25,yolov8n_visdrone_640.onnx,17,1,1.1566,0.8453
240,rain_heavy,0.25,yolov8n_visdrone_640.onnx,80,35,2.8786,2.3307
241,rain_heavy,0.25,yolov8n_visdrone_640.onnx,79,37,3.1853,2.1859
242,rain_heavy,0.25,yolov8n_visdrone_640.onnx,79,43,3.356,2.3486
243,rain_heavy,0.25,yolov8n_visdrone_640.onnx,79,29,3.7423,1.3718
244,rain_heavy,0.25,yolov8n_visdrone_640.onnx,79,41,4.068,2.2206
245,rain_heavy,0.25,yolov8n_visdrone_640.onnx,79,35,3.8322,1.3711
246,rain_heavy,0.25,yolov8n_visdrone_640.onnx,79,46,3.2653,2.1522
247,rain_heavy,0.25,yolov8n_visdrone_640.onnx,79,41,3.9101,2.6595
248,rain_heavy,0.25,yolov8n_visdrone_640.onnx,81,42,3.2052,2.3428
249,rain_heavy,0.25,yolov8n_visdrone_640.onnx,80,36,5.0235,2.4925
250,rain_heavy,0.25,yolov8n_visdrone_640.onnx,78,44,2.43,1.57
251,rain_heavy,0.25,yolov8n_visdrone_640.onnx,79,43,2.5371,2.4881
252,rain_heavy,0.25,yolov8n_visdrone_640.onnx,78,42,4.0489,1.5202
253,rain_heavy,0.25,yolov8n_visdrone_640.onnx,79,40,3.7333,2.2893
254,rain_heavy,0.25,yolov8n_visdrone_640.onnx,77,47,3.8854,1.8515
255,rain_heavy,0.25,yolov8n_visdrone_640.onnx,78,35,2.7092,1.9276
256,rain_heavy,0.25,yolov8n_visdrone_640.onnx,80,36,3.1745,2.0532
257,rain_heavy,0.25,yolov8n_visdrone_640.onnx,79,42,4.1112,1.635
258,rain_heavy,0.25,yolov8n_visdrone_640.onnx,77,42,3.4716,1.6289
259,rain_heavy,0.25,yolov8n_visdrone_640.onnx,77,45,4.1387,2.5786
260,rain_heavy,0.25,yolov8n_visdrone_640.onnx,78,46,4.7735,2.5761
261,rain_heavy,0.25,yolov8n_visdrone_640.onnx,77,46,3.7395,1.6004
262,rain_heavy,0.25,yolov8n_visdrone_640.onnx,76,37,2.423,2.276
263,rain_heavy,0.25,yolov8n_visdrone_640.onnx,81,43,3.645,1.5802
264,rain_heavy,0.25,yolov8n_visdrone_640.onnx,83,47,2.7781,2.4669
265,rain_heavy,0.25,yolov8n_visdrone_640.onnx,82,55,2.8199,1.8093
266,rain_heavy,0.25,yolov8n_visdrone_640.onnx,81,46,3.8992,2.3426
267,rain_heavy,0.25,yolov8n_visdrone_640.onnx,80,50,3.4783,2.0165
268,rain_heavy,0.25,yolov8n_visdrone_640.onnx,81,44,4.256,1.5701
269,rain_heavy,0.25,yolov8n_visdrone_640.onnx,82,44,4.0749,2.4448
270,rain_heavy,0.25,yolov8n_visdrone_640.onnx,79,48,3.2086,1.6788
271,rain_heavy,0.25,yolov8n_visdrone_640.onnx,78,48,3.8857,1.6664
272,rain_heavy,0.25,yolov8n_visdrone_640.onnx,77,43,2.6826,2.3773
273,rain_heavy,0.25,yolov8n_visdrone_640.onnx,81,45,3.9878,2.4366
274,rain_heavy,0.25,yolov8n_visdrone_640.onnx,80,42,3.1372,1.5041
275,rain_heavy,0.25,yolov8n_visdrone_640.onnx,79,42,2.5842,2.4377
276,rain_heavy,0.25,yolov8n_visdrone_640.onnx,79,51,3.73,3.1401
277,rain_heavy,0.25,yolov8n_visdrone_640.onnx,83,42,4.4255,2.3654
278,rain_heavy,0.25,yolov8n_visdrone_640.onnx,83,45,3.255,2.1933
279,rain_heavy,0.25,yolov8n_visdrone_640.onnx,82,45,2.6319,2.4399
280,rain_heavy,0.25,yolov8n_visdrone_640.onnx,86,48,5.4582,1.7127
281,rain_heavy,0.25,yolov8n_visdrone_640.onnx,82,42,4.1567,2.3708
282,rain_heavy,0.25,yolov8n_visdrone_640.onnx,81,45,3.3307,2.5168
283,rain_heavy,0.25,yolov8n_visdrone_640.onnx,81,42,4.9559,1.5524
284,rain_heavy,0.25,yolov8n_visdrone_640.onnx,79,41,4.6317,1.963
285,rain_heavy,0.25,yolov8n_visdrone_640.onnx,77,47,3.1557,2.5245
286,rain_heavy,0.25,yolov8n_visdrone_640.onnx,84,51,4.1208,1.948
287,rain_heavy,0.25,yolov8n_visdrone_640.onnx,80,45,3.636,2.3267
288,rain_heavy,0.25,yolov8n_visdrone_640.onnx,77,44,3.6912,2.379
289,rain_heavy,0.25,yolov8n_visdrone_640.onnx,81,37,2.7128,2.0065
290,rain_heavy,0.25,yolov8n_visdrone_640.onnx,84,52,4.0191,2.4174
291,rain_heavy,0.25,yolov8n_visdrone_640.onnx,80,44,2.6689,2.4941
292,rain_heavy,0.25,yolov8n_visdrone_640.onnx,81,50,4.1543,2.7261
293,rain_heavy,0.25,yolov8n_visdrone_640.onnx,80,52,3.9805,1.8476
294,rain_heavy,0.25,yolov8n_visdrone_640.onnx,81,48,3.7637,3.1707
295,rain_heavy,0.25,yolov8n_visdrone_640.onnx,78,48,3.7205,2.0256
296,rain_heavy,0.25,yolov8n_visdrone_640.onnx,81,45,5.5084,2.8167
297,rain_heavy,0.25,yolov8n_visdrone_640.onnx,81,48,3.4553,1.7294
298,rain_heavy,0.25,yolov8n_visdrone_640.onnx,81,56,4.1436,2.8878
299,rain_heavy,0.25,yolov8n_visdrone_640.onnx,82,45,4.0937,2.4531
